[
    {
        "eid": 3,
        "ename": "hritika",
        "edesignation": "S.A",
        "eaddress": "Delhi",
        "econtact": 8920111985,
        "egender": "female"
    },
    {
        "eid": 4,
        "ename": "vaibhav",
        "edesignation": "S.A",
        "eaddress": "Bihar",
        "econtact": 7820111985,
        "egender": "male"
    },
    {
        "eid": 1,
        "ename": "mansi",
        "edesignation": "S.A",
        "eaddress": "Mumbai",
        "econtact": 8920117455,
        "egender": "female"
    },
    {
        "eid": 2,
        "ename": "satish",
        "edesignation": "S.A",
        "eaddress": "Mumbai",
        "econtact": 8945611985,
        "egender": "male"
    }
]